generation_version_control_id,project_id,generation_type,model_type,model_version,simulation_responsible,meteorological_database,datasource,p50_generation_kwh,p90_generation_kwh,p95_generation_kwh,is_trusted_benchmark,is_active_version,simulation_date,created_at,updated_at
GVC_0001,PRJ_001,PVSyst,As-built,PVSYST_AB_v02,Engineering Team,Meteonorm,PRJ_001_AsBuilt_v02,"81.839,11","75.599,00","72.996,90",true,true,2022-05-12,2022-06-03 16:00:00,2022-11-16 20:00:00
GVC_0002,PRJ_001,PVSyst,Legacy,PVSYST_LG_v01,External Consultant,Meteonorm,PRJ_001_Legacy_v01,"79.028,52","73.912,83","71.005,35",false,false,2021-08-23,2021-09-15 16:45:00,2021-11-25 20:45:00
GVC_0003,PRJ_001,SolarGIS,Operational,SGIS_OP_v03,Business Analytics,SolarGIS,PRJ_001_SolarGIS_Operational_v03,"81.993,42","75.268,56","73.053,06",true,true,2022-11-19,2022-11-24 11:30:00,2023-01-04 12:30:00
GVC_0004,PRJ_001,Modeled,Financial,FM_v02,Construction Team,Not Applicable,PRJ_001_FinancialModel_v02,"78.854,39","74.137,81","72.668,27",false,false,2021-10-06,2021-10-24 09:45:00,2021-11-28 14:45:00
GVC_0005,PRJ_001,Modeled,Operational,MODEL_OP_v03,Engineering Team,SolarGIS,PRJ_001_InternalOperationalModel_v03,"82.696,36","75.443,16","72.855,27",true,true,2022-11-25,2022-11-28 11:00:00,2023-03-20 14:00:00
GVC_0006,PRJ_002,PVSyst,As-built,PVSYST_AB_v02,EPC,SolarGIS,PRJ_002_AsBuilt_v02,"113.513,19","104.812,28","103.074,11",true,true,2023-06-30,2023-07-03 17:15:00,2023-12-01 19:15:00
GVC_0007,PRJ_002,PVSyst,Legacy,PVSYST_LG_v01,External Consultant,NASA,PRJ_002_Legacy_v01,"109.171,99","104.397,85","102.018,01",false,false,2022-05-14,2022-06-05 13:00:00,2022-08-17 14:00:00
GVC_0008,PRJ_002,SolarGIS,Operational,SGIS_OP_v04,Engineering Team,SolarGIS,PRJ_002_SolarGIS_Operational_v04,"111.438,98","102.585,06","100.899,87",true,true,2024-06-22,2024-07-15 13:15:00,2024-12-04 17:15:00
GVC_0009,PRJ_002,Modeled,Financial,FM_v02,Business Analytics,Not Applicable,PRJ_002_FinancialModel_v02,"106.881,21","98.579,90","96.020,19",false,false,2022-08-27,2022-09-20 17:45:00,2023-03-03 21:45:00
GVC_0010,PRJ_002,Modeled,Operational,MODEL_OP_v03,Engineering Team,Not Applicable,PRJ_002_InternalOperationalModel_v03,"113.398,42","103.708,01","99.681,85",true,true,2023-05-27,2023-06-01 10:45:00,2023-11-15 11:45:00
GVC_0011,PRJ_003,PVSyst,As-built,PVSYST_AB_v02,EPC,SolarGIS,PRJ_003_AsBuilt_v02,"154.709,11","147.443,81","141.588,38",true,true,2026-11-14,2026-12-06 16:30:00,2027-06-03 19:30:00
GVC_0012,PRJ_003,PVSyst,Legacy,PVSYST_LG_v01,EPC,Meteonorm,PRJ_003_Legacy_v01,"144.949,15","131.927,25","129.031,75",false,false,2026-01-20,2026-02-06 10:00:00,2026-07-31 13:00:00
GVC_0013,PRJ_003,SolarGIS,Operational,SGIS_OP_v02,Engineering Team,SolarGIS,PRJ_003_SolarGIS_Operational_v02,"148.936,60","136.735,34","134.525,35",true,true,2028-04-15,2028-05-02 08:30:00,2028-09-19 09:30:00
GVC_0014,PRJ_003,Modeled,Financial,FM_v01,Construction Team,Not Applicable,PRJ_003_FinancialModel_v01,"142.279,11","131.187,54","127.800,79",false,false,2026-07-13,2026-07-16 15:00:00,2026-12-14 17:00:00
GVC_0015,PRJ_003,Modeled,Operational,MODEL_OP_v04,Engineering Team,Not Applicable,PRJ_003_InternalOperationalModel_v04,"149.963,15","143.008,11","138.800,59",true,true,2027-04-17,2027-05-17 16:15:00,2027-08-19 20:15:00
GVC_0016,PRJ_004,PVSyst,As-built,PVSYST_AB_v02,Engineering Team,Meteonorm,PRJ_004_AsBuilt_v02,"187.206,53","172.678,42","166.047,68",true,true,2021-09-21,2021-10-10 16:15:00,2022-03-24 18:15:00
GVC_0017,PRJ_004,PVSyst,Legacy,PVSYST_LG_v01,EPC,Other,PRJ_004_Legacy_v01,"178.516,66","170.531,79","167.375,39",false,false,2021-03-29,2021-04-15 11:30:00,2021-09-01 13:30:00
GVC_0018,PRJ_004,SolarGIS,Operational,SGIS_OP_v04,Engineering Team,SolarGIS,PRJ_004_SolarGIS_Operational_v04,"186.130,31","174.693,00","169.769,59",true,true,2023-01-05,2023-01-21 14:15:00,2023-03-01 15:15:00
GVC_0019,PRJ_004,Modeled,Financial,FM_v01,Business Analytics,Not Applicable,PRJ_004_FinancialModel_v01,"175.826,59","164.107,96","160.534,82",false,false,2021-01-12,2021-02-02 09:00:00,2021-05-31 12:00:00
GVC_0020,PRJ_004,Modeled,Operational,MODEL_OP_v02,Business Analytics,SolarGIS,PRJ_004_InternalOperationalModel_v02,"183.879,63","171.455,01","166.405,15",true,true,2022-04-21,2022-05-06 11:00:00,2022-09-11 16:00:00
GVC_0021,PRJ_005,PVSyst,As-built,PVSYST_AB_v03,Engineering Team,SolarGIS,PRJ_005_AsBuilt_v03,"296.364,47","282.267,83","272.150,72",true,true,2020-06-19,2020-07-05 11:45:00,2020-08-04 13:45:00
GVC_0022,PRJ_005,PVSyst,Legacy,PVSYST_LG_v01,External Consultant,Meteonorm,PRJ_005_Legacy_v01,"278.937,93","264.768,87","257.189,91",false,false,2019-03-02,2019-03-25 16:45:00,2019-05-18 18:45:00
GVC_0023,PRJ_005,SolarGIS,Operational,SGIS_OP_v04,Business Analytics,SolarGIS,PRJ_005_SolarGIS_Operational_v04,"290.801,45","273.050,65","265.829,79",true,true,2021-05-18,2021-05-29 08:00:00,2021-11-09 12:00:00
GVC_0024,PRJ_005,Modeled,Financial,FM_v01,Business Analytics,Not Applicable,PRJ_005_FinancialModel_v01,"278.866,56","254.885,59","245.874,27",false,false,2019-07-04,2019-07-07 11:45:00,2019-08-21 16:45:00
GVC_0025,PRJ_005,Modeled,Operational,MODEL_OP_v03,Business Analytics,Not Applicable,PRJ_005_InternalOperationalModel_v03,"288.993,32","271.417,79","264.108,39",true,true,2021-08-22,2021-08-31 11:30:00,2021-11-15 14:30:00
GVC_0026,PRJ_006,PVSyst,As-built,PVSYST_AB_v04,EPC,Meteonorm,PRJ_006_AsBuilt_v04,"366.330,35","350.500,01","336.561,64",true,true,2023-12-22,2024-01-10 09:00:00,2024-06-10 11:00:00
GVC_0027,PRJ_006,PVSyst,Legacy,PVSYST_LG_v01,EPC,Other,PRJ_006_Legacy_v01,"351.721,31","335.557,33","329.511,18",false,false,2022-08-26,2022-09-05 10:45:00,2023-02-06 13:45:00
GVC_0028,PRJ_006,SolarGIS,Operational,SGIS_OP_v04,Business Analytics,SolarGIS,PRJ_006_SolarGIS_Operational_v04,"357.813,73","330.966,59","323.216,91",true,true,2025-01-21,2025-02-19 10:30:00,2025-04-04 11:30:00
GVC_0029,PRJ_006,Modeled,Financial,FM_v01,Construction Team,Not Applicable,PRJ_006_FinancialModel_v01,"337.748,95","310.908,54","301.137,31",false,false,2022-11-08,2022-11-29 12:45:00,2023-02-16 13:45:00
GVC_0030,PRJ_006,Modeled,Operational,MODEL_OP_v04,Business Analytics,SolarGIS,PRJ_006_InternalOperationalModel_v04,"353.161,33","327.266,77","315.246,42",true,true,2025-02-11,2025-02-20 10:45:00,2025-07-26 14:45:00
GVC_0031,PRJ_007,PVSyst,As-built,PVSYST_AB_v02,EPC,SolarGIS,PRJ_007_AsBuilt_v02,"435.118,91","415.624,03","404.668,08",true,true,2023-04-20,2023-05-09 16:15:00,2023-09-11 18:15:00
GVC_0032,PRJ_007,PVSyst,Legacy,PVSYST_LG_v01,External Consultant,Other,PRJ_007_Legacy_v01,"417.910,83","396.934,26","389.597,95",false,false,2022-03-04,2022-03-11 11:00:00,2022-06-24 16:00:00
GVC_0033,PRJ_007,SolarGIS,Operational,SGIS_OP_v04,Engineering Team,SolarGIS,PRJ_007_SolarGIS_Operational_v04,"424.726,51","406.160,94","392.318,34",true,true,2023-06-23,2023-07-19 10:45:00,2023-08-09 12:45:00
GVC_0034,PRJ_007,Modeled,Financial,FM_v01,Business Analytics,Not Applicable,PRJ_007_FinancialModel_v01,"408.030,73","388.936,20","381.261,99",false,false,2022-08-26,2022-09-01 09:45:00,2022-09-25 13:45:00
GVC_0035,PRJ_007,Modeled,Operational,MODEL_OP_v02,Engineering Team,Not Applicable,PRJ_007_InternalOperationalModel_v02,"423.952,29","403.189,99","395.845,11",true,true,2023-07-24,2023-07-25 11:45:00,2023-11-01 14:45:00
GVC_0036,PRJ_008,PVSyst,As-built,PVSYST_AB_v02,Engineering Team,SolarGIS,PRJ_008_AsBuilt_v02,"566.815,18","543.608,34","529.151,29",true,true,2026-06-23,2026-06-27 12:15:00,2026-12-07 15:15:00
GVC_0037,PRJ_008,PVSyst,Legacy,PVSYST_LG_v01,External Consultant,Meteonorm,PRJ_008_Legacy_v01,"543.258,54","515.726,96","500.724,39",false,false,2025-05-16,2025-05-20 14:15:00,2025-08-08 15:15:00
GVC_0038,PRJ_008,SolarGIS,Operational,SGIS_OP_v04,Engineering Team,SolarGIS,PRJ_008_SolarGIS_Operational_v04,"557.488,68","529.795,73","517.701,25",true,true,2027-12-24,2028-01-17 11:30:00,2028-05-21 12:30:00
GVC_0039,PRJ_008,Modeled,Financial,FM_v03,Business Analytics,Not Applicable,PRJ_008_FinancialModel_v03,"537.034,17","492.047,49","483.437,24",false,false,2025-11-24,2025-12-04 14:30:00,2026-04-01 17:30:00
GVC_0040,PRJ_008,Modeled,Operational,MODEL_OP_v02,Engineering Team,Not Applicable,PRJ_008_InternalOperationalModel_v02,"561.497,70","537.363,51","524.968,11",true,true,2027-12-05,2027-12-11 17:30:00,2028-04-07 22:30:00
GVC_0041,PRJ_009,PVSyst,As-built,PVSYST_AB_v03,EPC,Meteonorm,PRJ_009_AsBuilt_v03,"741.743,38","697.485,83","675.205,51",true,true,2020-11-06,2020-11-21 11:45:00,2021-01-18 12:45:00
GVC_0042,PRJ_009,PVSyst,Legacy,PVSYST_LG_v01,EPC,NASA,PRJ_009_Legacy_v01,"712.765,50","675.385,87","659.730,35",false,false,2019-11-09,2019-12-05 11:15:00,2019-12-26 12:15:00
GVC_0043,PRJ_009,SolarGIS,Operational,SGIS_OP_v03,Business Analytics,SolarGIS,PRJ_009_SolarGIS_Operational_v03,"723.135,82","685.839,70","666.214,67",true,true,2021-12-26,2022-01-16 17:15:00,2022-05-09 21:15:00
GVC_0044,PRJ_009,Modeled,Financial,FM_v02,Business Analytics,Not Applicable,PRJ_009_FinancialModel_v02,"694.548,86","632.232,02","618.812,33",false,false,2020-04-05,2020-04-30 14:15:00,2020-06-29 19:15:00
GVC_0045,PRJ_009,Modeled,Operational,MODEL_OP_v04,Engineering Team,Not Applicable,PRJ_009_InternalOperationalModel_v04,"737.202,85","675.327,89","650.565,96",true,true,2021-05-24,2021-06-15 16:30:00,2021-10-21 21:30:00
GVC_0046,PRJ_010,PVSyst,As-built,PVSYST_AB_v03,EPC,Meteonorm,PRJ_010_AsBuilt_v03,"1.003.117,18","936.644,34","905.247,82",true,true,2019-05-18,2019-06-14 12:45:00,2019-12-06 14:45:00
GVC_0047,PRJ_010,PVSyst,Legacy,PVSYST_LG_v01,EPC,Other,PRJ_010_Legacy_v01,"962.128,92","886.817,97","858.791,14",false,false,2018-01-29,2018-02-01 10:15:00,2018-04-16 14:15:00
GVC_0048,PRJ_010,SolarGIS,Operational,SGIS_OP_v04,Business Analytics,SolarGIS,PRJ_010_SolarGIS_Operational_v04,"967.546,40","900.537,42","871.965,20",true,true,2020-01-23,2020-02-06 08:15:00,2020-06-07 12:15:00
GVC_0049,PRJ_010,Modeled,Financial,FM_v02,Construction Team,Not Applicable,PRJ_010_FinancialModel_v02,"935.441,20","895.345,46","866.215,68",false,false,2018-09-23,2018-10-21 14:15:00,2019-03-09 16:15:00
GVC_0050,PRJ_010,Modeled,Operational,MODEL_OP_v04,Business Analytics,Not Applicable,PRJ_010_InternalOperationalModel_v04,"971.949,82","900.809,39","880.071,45",true,true,2019-12-23,2020-01-16 10:45:00,2020-03-03 15:45:00
GVC_0051,PRJ_011,PVSyst,As-built,PVSYST_AB_v02,EPC,SolarGIS,PRJ_011_AsBuilt_v02,"1.230.331,76","1.124.766,06","1.091.827,65",true,true,2025-02-11,2025-02-17 08:30:00,2025-06-09 11:30:00
GVC_0052,PRJ_011,PVSyst,Legacy,PVSYST_LG_v01,EPC,NASA,PRJ_011_Legacy_v01,"1.169.641,02","1.115.816,48","1.078.945,90",false,false,2023-11-01,2023-11-10 09:45:00,2023-11-29 14:45:00
GVC_0053,PRJ_011,SolarGIS,Operational,SGIS_OP_v04,Business Analytics,SolarGIS,PRJ_011_SolarGIS_Operational_v04,"1.189.931,00","1.086.919,77","1.069.455,29",true,true,2025-01-19,2025-02-13 08:15:00,2025-04-20 09:15:00
GVC_0054,PRJ_011,Modeled,Financial,FM_v03,Business Analytics,Not Applicable,PRJ_011_FinancialModel_v03,"1.137.978,75","1.073.652,16","1.045.843,75",false,false,2024-06-08,2024-06-23 12:30:00,2024-08-19 17:30:00
GVC_0055,PRJ_011,Modeled,Operational,MODEL_OP_v04,Business Analytics,SolarGIS,PRJ_011_InternalOperationalModel_v04,"1.228.999,93","1.125.032,61","1.080.753,53",true,true,2025-06-07,2025-06-26 14:45:00,2025-08-30 15:45:00
GVC_0056,PRJ_012,PVSyst,As-built,PVSYST_AB_v04,EPC,Meteonorm,PRJ_012_AsBuilt_v04,"1.447.243,78","1.366.506,32","1.339.365,04",true,true,2023-06-09,2023-07-05 08:30:00,2023-12-03 12:30:00
GVC_0057,PRJ_012,PVSyst,Legacy,PVSYST_LG_v01,EPC,NASA,PRJ_012_Legacy_v01,"1.397.923,64","1.295.961,27","1.271.648,25",false,false,2021-12-27,2021-12-31 14:30:00,2022-06-26 18:30:00
GVC_0058,PRJ_012,SolarGIS,Operational,SGIS_OP_v04,Engineering Team,SolarGIS,PRJ_012_SolarGIS_Operational_v04,"1.412.929,35","1.322.625,27","1.291.228,05",true,true,2024-02-10,2024-03-07 16:45:00,2024-07-19 20:45:00
GVC_0059,PRJ_012,Modeled,Financial,FM_v02,Construction Team,Not Applicable,PRJ_012_FinancialModel_v02,"1.382.995,67","1.315.970,93","1.266.183,24",false,false,2022-07-10,2022-07-18 15:45:00,2022-10-27 16:45:00
GVC_0060,PRJ_012,Modeled,Operational,MODEL_OP_v04,Business Analytics,SolarGIS,PRJ_012_InternalOperationalModel_v04,"1.440.812,66","1.336.701,34","1.291.866,78",true,true,2023-08-22,2023-09-20 17:30:00,2024-02-24 18:30:00
GVC_0061,PRJ_013,PVSyst,As-built,PVSYST_AB_v03,Engineering Team,SolarGIS,PRJ_013_AsBuilt_v03,"1.625.660,31","1.524.477,27","1.472.657,39",true,true,2026-10-15,2026-11-05 15:45:00,2026-11-24 16:45:00
GVC_0062,PRJ_013,PVSyst,Legacy,PVSYST_LG_v01,External Consultant,NASA,PRJ_013_Legacy_v01,"1.574.031,73","1.456.467,78","1.419.384,49",false,false,2025-06-04,2025-06-22 16:30:00,2025-10-23 21:30:00
GVC_0063,PRJ_013,SolarGIS,Operational,SGIS_OP_v04,Business Analytics,SolarGIS,PRJ_013_SolarGIS_Operational_v04,"1.607.354,53","1.484.465,56","1.434.416,94",true,true,2026-10-30,2026-11-23 11:30:00,2027-01-07 16:30:00
GVC_0064,PRJ_013,Modeled,Financial,FM_v01,Construction Team,Not Applicable,PRJ_013_FinancialModel_v01,"1.519.383,88","1.419.423,51","1.388.358,89",false,false,2025-11-19,2025-12-09 12:00:00,2026-02-11 15:00:00
GVC_0065,PRJ_013,Modeled,Operational,MODEL_OP_v02,Business Analytics,Not Applicable,PRJ_013_InternalOperationalModel_v02,"1.604.360,45","1.516.763,86","1.460.893,21",true,true,2026-09-22,2026-09-24 16:30:00,2026-11-10 20:30:00
GVC_0066,PRJ_014,PVSyst,As-built,PVSYST_AB_v04,Engineering Team,Meteonorm,PRJ_014_AsBuilt_v04,"1.830.472,50","1.682.603,61","1.617.460,63",true,true,2022-09-15,2022-09-19 09:45:00,2023-02-06 10:45:00
GVC_0067,PRJ_014,PVSyst,Legacy,PVSYST_LG_v01,EPC,Other,PRJ_014_Legacy_v01,"1.741.871,01","1.634.122,32","1.581.170,03",false,false,2021-08-27,2021-08-31 16:45:00,2022-02-17 21:45:00
GVC_0068,PRJ_014,SolarGIS,Operational,SGIS_OP_v02,Business Analytics,SolarGIS,PRJ_014_SolarGIS_Operational_v02,"1.790.623,43","1.710.806,78","1.655.092,35",true,true,2023-05-27,2023-06-10 12:00:00,2023-11-28 13:00:00
GVC_0069,PRJ_014,Modeled,Financial,FM_v02,Construction Team,Not Applicable,PRJ_014_FinancialModel_v02,"1.732.018,62","1.589.738,23","1.533.056,66",false,false,2022-02-11,2022-02-17 08:45:00,2022-06-27 13:45:00
GVC_0070,PRJ_014,Modeled,Operational,MODEL_OP_v04,Business Analytics,Not Applicable,PRJ_014_InternalOperationalModel_v04,"1.800.785,56","1.702.368,65","1.664.192,51",true,true,2023-03-19,2023-03-22 11:30:00,2023-09-13 16:30:00
GVC_0071,PRJ_015,PVSyst,As-built,PVSYST_AB_v04,EPC,SolarGIS,PRJ_015_AsBuilt_v04,"1.887.794,54","1.731.956,10","1.674.179,45",true,true,2020-05-22,2020-05-25 08:15:00,2020-08-26 13:15:00
GVC_0072,PRJ_015,PVSyst,Legacy,PVSYST_LG_v01,EPC,NASA,PRJ_015_Legacy_v01,"1.806.775,66","1.706.380,18","1.667.975,27",false,false,2019-07-17,2019-08-03 16:45:00,2019-12-08 17:45:00
GVC_0073,PRJ_015,SolarGIS,Operational,SGIS_OP_v02,Business Analytics,SolarGIS,PRJ_015_SolarGIS_Operational_v02,"1.878.564,45","1.766.199,40","1.696.693,48",true,true,2020-10-25,2020-11-16 17:00:00,2021-02-07 22:00:00
GVC_0074,PRJ_015,Modeled,Financial,FM_v02,Construction Team,Not Applicable,PRJ_015_FinancialModel_v02,"1.790.316,77","1.668.774,80","1.613.628,32",false,false,2019-09-05,2019-09-19 15:00:00,2020-02-01 18:00:00
GVC_0075,PRJ_015,Modeled,Operational,MODEL_OP_v03,Business Analytics,Not Applicable,PRJ_015_InternalOperationalModel_v03,"1.894.092,64","1.804.855,60","1.747.542,58",true,true,2021-06-20,2021-07-06 12:45:00,2021-12-08 13:45:00
GVC_0076,PRJ_016,PVSyst,As-built,PVSYST_AB_v02,EPC,SolarGIS,PRJ_016_AsBuilt_v02,"2.130.660,73","2.021.203,14","1.984.059,02",true,true,2021-01-16,2021-02-07 16:45:00,2021-06-07 17:45:00
GVC_0077,PRJ_016,PVSyst,Legacy,PVSYST_LG_v01,EPC,Other,PRJ_016_Legacy_v01,"2.077.062,41","1.969.054,18","1.900.312,44",false,false,2019-11-27,2019-12-02 12:45:00,2020-04-19 13:45:00
GVC_0078,PRJ_016,SolarGIS,Operational,SGIS_OP_v02,Engineering Team,SolarGIS,PRJ_016_SolarGIS_Operational_v02,"2.119.286,56","1.953.907,76","1.883.487,86",true,true,2022-01-08,2022-01-09 16:45:00,2022-02-16 18:45:00
GVC_0079,PRJ_016,Modeled,Financial,FM_v01,Construction Team,Not Applicable,PRJ_016_FinancialModel_v01,"2.035.145,84","1.867.650,39","1.836.491,13",false,false,2020-08-20,2020-09-06 12:45:00,2021-01-22 16:45:00
GVC_0080,PRJ_016,Modeled,Operational,MODEL_OP_v04,Engineering Team,SolarGIS,PRJ_016_InternalOperationalModel_v04,"2.126.489,53","2.033.122,62","1.977.630,62",true,true,2022-06-25,2022-06-30 09:30:00,2022-10-29 12:30:00
GVC_0081,PRJ_017,PVSyst,As-built,PVSYST_AB_v03,EPC,SolarGIS,PRJ_017_AsBuilt_v03,"2.139.043,20","2.009.303,57","1.979.108,88",true,true,2023-05-21,2023-06-18 10:45:00,2023-11-17 14:45:00
GVC_0082,PRJ_017,PVSyst,Legacy,PVSYST_LG_v01,External Consultant,Other,PRJ_017_Legacy_v01,"2.063.199,08","1.910.705,70","1.843.288,95",false,false,2022-05-04,2022-05-23 14:15:00,2022-09-20 15:15:00
GVC_0083,PRJ_017,SolarGIS,Operational,SGIS_OP_v04,Engineering Team,SolarGIS,PRJ_017_SolarGIS_Operational_v04,"2.107.297,96","2.013.884,62","1.952.523,12",true,true,2024-08-19,2024-09-10 10:45:00,2024-10-04 12:45:00
GVC_0084,PRJ_017,Modeled,Financial,FM_v02,Construction Team,Not Applicable,PRJ_017_FinancialModel_v02,"2.045.634,59","1.906.562,75","1.855.369,21",false,false,2022-07-09,2022-07-10 10:45:00,2022-09-02 11:45:00
GVC_0085,PRJ_017,Modeled,Operational,MODEL_OP_v04,Business Analytics,SolarGIS,PRJ_017_InternalOperationalModel_v04,"2.138.406,47","1.988.448,93","1.912.903,55",true,true,2023-09-16,2023-10-14 16:45:00,2024-01-18 20:45:00
GVC_0086,PRJ_018,PVSyst,As-built,PVSYST_AB_v04,EPC,Meteonorm,PRJ_018_AsBuilt_v04,"2.167.725,81","2.003.778,43","1.935.023,10",true,true,2026-08-08,2026-08-22 09:00:00,2026-12-28 11:00:00
GVC_0087,PRJ_018,PVSyst,Legacy,PVSYST_LG_v01,EPC,Meteonorm,PRJ_018_Legacy_v01,"2.041.379,88","1.938.917,25","1.875.580,96",false,false,2025-08-24,2025-09-07 10:15:00,2026-02-04 14:15:00
GVC_0088,PRJ_018,SolarGIS,Operational,SGIS_OP_v04,Engineering Team,SolarGIS,PRJ_018_SolarGIS_Operational_v04,"2.092.089,68","1.967.557,19","1.907.671,84",true,true,2027-09-13,2027-09-21 15:15:00,2027-12-04 19:15:00
GVC_0089,PRJ_018,Modeled,Financial,FM_v02,Construction Team,Not Applicable,PRJ_018_FinancialModel_v02,"2.011.577,40","1.831.480,61","1.795.063,14",false,false,2026-02-18,2026-03-12 16:15:00,2026-04-14 20:15:00
GVC_0090,PRJ_018,Modeled,Operational,MODEL_OP_v04,Engineering Team,Not Applicable,PRJ_018_InternalOperationalModel_v04,"2.146.427,21","2.002.277,00","1.937.309,20",true,true,2027-04-13,2027-05-11 15:00:00,2027-07-25 19:00:00
GVC_0091,PRJ_019,PVSyst,As-built,PVSYST_AB_v03,Engineering Team,SolarGIS,PRJ_019_AsBuilt_v03,"2.546.759,04","2.442.080,17","2.384.583,22",true,true,2021-05-25,2021-05-26 17:00:00,2021-11-12 21:00:00
GVC_0092,PRJ_019,PVSyst,Legacy,PVSYST_LG_v01,EPC,Other,PRJ_019_Legacy_v01,"2.439.263,18","2.242.918,59","2.167.255,24",false,false,2020-08-23,2020-09-13 09:00:00,2020-12-16 13:00:00
GVC_0093,PRJ_019,SolarGIS,Operational,SGIS_OP_v04,Engineering Team,SolarGIS,PRJ_019_SolarGIS_Operational_v04,"2.501.069,65","2.292.406,88","2.252.841,53",true,true,2021-11-13,2021-12-07 14:15:00,2022-02-11 16:15:00
GVC_0094,PRJ_019,Modeled,Financial,FM_v01,Business Analytics,Not Applicable,PRJ_019_FinancialModel_v01,"2.432.631,42","2.244.950,27","2.201.436,95",false,false,2020-08-30,2020-09-25 12:30:00,2020-11-08 16:30:00
GVC_0095,PRJ_019,Modeled,Operational,MODEL_OP_v02,Engineering Team,SolarGIS,PRJ_019_InternalOperationalModel_v02,"2.564.284,63","2.426.353,90","2.388.741,91",true,true,2022-10-07,2022-11-04 16:30:00,2022-12-12 20:30:00
GVC_0096,PRJ_020,PVSyst,As-built,PVSYST_AB_v04,EPC,Meteonorm,PRJ_020_AsBuilt_v04,"3.093.514,14","2.919.092,66","2.844.988,58",true,true,2019-10-26,2019-11-07 09:15:00,2020-03-21 10:15:00
GVC_0097,PRJ_020,PVSyst,Legacy,PVSYST_LG_v01,EPC,NASA,PRJ_020_Legacy_v01,"2.967.542,13","2.794.742,74","2.715.390,74",false,false,2018-07-31,2018-08-21 14:00:00,2018-10-10 15:00:00
GVC_0098,PRJ_020,SolarGIS,Operational,SGIS_OP_v03,Business Analytics,SolarGIS,PRJ_020_SolarGIS_Operational_v03,"3.060.877,92","2.803.170,43","2.707.498,23",true,true,2020-04-30,2020-05-05 14:45:00,2020-08-22 19:45:00
GVC_0099,PRJ_020,Modeled,Financial,FM_v01,Construction Team,Not Applicable,PRJ_020_FinancialModel_v01,"2.906.349,24","2.765.927,97","2.697.862,09",false,false,2018-12-21,2018-12-23 13:15:00,2019-04-30 17:15:00
GVC_0100,PRJ_020,Modeled,Operational,MODEL_OP_v02,Engineering Team,SolarGIS,PRJ_020_InternalOperationalModel_v02,"3.090.740,34","2.869.340,56","2.819.248,78",true,true,2020-06-24,2020-07-06 08:45:00,2020-09-29 10:45:00
GVC_0101,PRJ_021,PVSyst,As-built,PVSYST_AB_v02,Engineering Team,Meteonorm,PRJ_021_AsBuilt_v02,"3.762.638,62","3.536.343,37","3.396.777,81",true,true,2022-07-10,2022-07-18 10:15:00,2022-08-19 15:15:00
GVC_0102,PRJ_021,PVSyst,Legacy,PVSYST_LG_v01,EPC,Meteonorm,PRJ_021_Legacy_v01,"3.578.343,09","3.282.692,18","3.225.288,65",false,false,2021-12-01,2021-12-10 10:15:00,2022-05-12 13:15:00
GVC_0103,PRJ_021,SolarGIS,Operational,SGIS_OP_v03,Business Analytics,SolarGIS,PRJ_021_SolarGIS_Operational_v03,"3.689.517,66","3.362.216,89","3.228.977,31",true,true,2023-08-08,2023-09-03 11:30:00,2023-09-22 13:30:00
GVC_0104,PRJ_021,Modeled,Financial,FM_v01,Business Analytics,Not Applicable,PRJ_021_FinancialModel_v01,"3.547.447,46","3.321.490,23","3.250.548,62",false,false,2021-10-02,2021-10-17 13:00:00,2022-02-24 18:00:00
GVC_0105,PRJ_021,Modeled,Operational,MODEL_OP_v04,Engineering Team,SolarGIS,PRJ_021_InternalOperationalModel_v04,"3.704.574,83","3.549.728,45","3.413.137,15",true,true,2023-03-02,2023-03-30 14:45:00,2023-05-11 18:45:00
GVC_0106,PRJ_022,PVSyst,As-built,PVSYST_AB_v04,EPC,SolarGIS,PRJ_022_AsBuilt_v04,"4.051.904,79","3.717.285,08","3.580.320,93",true,true,2023-06-24,2023-07-15 17:30:00,2023-11-04 22:30:00
GVC_0107,PRJ_022,PVSyst,Legacy,PVSYST_LG_v01,EPC,NASA,PRJ_022_Legacy_v01,"3.911.349,86","3.643.461,38","3.569.963,30",false,false,2022-07-07,2022-08-04 16:15:00,2022-12-07 20:15:00
GVC_0108,PRJ_022,SolarGIS,Operational,SGIS_OP_v02,Engineering Team,SolarGIS,PRJ_022_SolarGIS_Operational_v02,"3.972.881,12","3.705.406,68","3.595.725,68",true,true,2023-05-19,2023-05-30 14:30:00,2023-08-18 17:30:00
GVC_0109,PRJ_022,Modeled,Financial,FM_v03,Construction Team,Not Applicable,PRJ_022_FinancialModel_v03,"3.782.266,94","3.458.006,46","3.357.021,99",false,false,2022-07-30,2022-08-25 10:00:00,2023-02-06 15:00:00
GVC_0110,PRJ_022,Modeled,Operational,MODEL_OP_v03,Business Analytics,SolarGIS,PRJ_022_InternalOperationalModel_v03,"4.022.116,92","3.835.813,95","3.772.631,37",true,true,2023-11-03,2023-12-01 08:30:00,2024-05-17 11:30:00
GVC_0111,PRJ_023,PVSyst,As-built,PVSYST_AB_v03,Engineering Team,SolarGIS,PRJ_023_AsBuilt_v03,"3.997.459,46","3.807.035,45","3.688.076,44",true,true,2027-03-07,2027-03-19 09:30:00,2027-08-27 11:30:00
GVC_0112,PRJ_023,PVSyst,Legacy,PVSYST_LG_v01,External Consultant,Meteonorm,PRJ_023_Legacy_v01,"3.785.353,54","3.496.392,97","3.423.179,33",false,false,2025-12-12,2025-12-24 08:15:00,2026-02-13 13:15:00
GVC_0113,PRJ_023,SolarGIS,Operational,SGIS_OP_v03,Business Analytics,SolarGIS,PRJ_023_SolarGIS_Operational_v03,"3.877.493,29","3.651.274,91","3.508.022,35",true,true,2028-01-16,2028-02-02 11:45:00,2028-06-03 15:45:00
GVC_0114,PRJ_023,Modeled,Financial,FM_v01,Business Analytics,Not Applicable,PRJ_023_FinancialModel_v01,"3.738.375,56","3.462.555,02","3.405.544,69",false,false,2026-03-03,2026-03-06 08:15:00,2026-04-30 13:15:00
GVC_0115,PRJ_023,Modeled,Operational,MODEL_OP_v02,Engineering Team,Not Applicable,PRJ_023_InternalOperationalModel_v02,"3.952.843,05","3.680.890,37","3.589.519,26",true,true,2027-07-30,2027-08-08 11:00:00,2027-11-19 15:00:00
GVC_0116,PRJ_024,PVSyst,As-built,PVSYST_AB_v03,EPC,SolarGIS,PRJ_024_AsBuilt_v03,"4.453.286,38","4.101.592,19","4.038.473,37",true,true,2020-01-30,2020-01-31 11:30:00,2020-04-09 13:30:00
GVC_0117,PRJ_024,PVSyst,Legacy,PVSYST_LG_v01,External Consultant,Meteonorm,PRJ_024_Legacy_v01,"4.250.847,55","3.973.986,73","3.857.812,69",false,false,2019-06-29,2019-07-12 16:15:00,2019-12-02 21:15:00
GVC_0118,PRJ_024,SolarGIS,Operational,SGIS_OP_v04,Engineering Team,SolarGIS,PRJ_024_SolarGIS_Operational_v04,"4.375.894,62","4.144.418,84","4.023.839,00",true,true,2020-11-21,2020-12-21 09:30:00,2021-06-01 13:30:00
GVC_0119,PRJ_024,Modeled,Financial,FM_v02,Business Analytics,Not Applicable,PRJ_024_FinancialModel_v02,"4.183.701,43","3.891.895,02","3.830.227,91",false,false,2019-09-20,2019-10-16 17:45:00,2020-01-31 18:45:00
GVC_0120,PRJ_024,Modeled,Operational,MODEL_OP_v02,Business Analytics,SolarGIS,PRJ_024_InternalOperationalModel_v02,"4.425.682,17","4.115.983,96","3.959.437,35",true,true,2021-06-19,2021-06-29 13:15:00,2021-10-07 15:15:00
GVC_0121,PRJ_025,PVSyst,As-built,PVSYST_AB_v02,Engineering Team,Meteonorm,PRJ_025_AsBuilt_v02,"5.137.665,19","4.862.126,84","4.767.187,57",true,true,2020-07-23,2020-07-31 09:15:00,2020-10-19 11:15:00
GVC_0122,PRJ_025,PVSyst,Legacy,PVSYST_LG_v01,External Consultant,Other,PRJ_025_Legacy_v01,"4.906.559,07","4.654.569,99","4.525.884,75",false,false,2019-04-20,2019-05-15 17:45:00,2019-10-21 22:45:00
GVC_0123,PRJ_025,SolarGIS,Operational,SGIS_OP_v02,Engineering Team,SolarGIS,PRJ_025_SolarGIS_Operational_v02,"5.029.868,84","4.687.778,10","4.555.221,93",true,true,2021-07-19,2021-07-29 12:00:00,2021-11-11 17:00:00
GVC_0124,PRJ_025,Modeled,Financial,FM_v03,Business Analytics,Not Applicable,PRJ_025_FinancialModel_v03,"4.844.328,73","4.422.118,85","4.337.180,63",false,false,2020-03-14,2020-04-04 09:45:00,2020-08-15 14:45:00
GVC_0125,PRJ_025,Modeled,Operational,MODEL_OP_v02,Engineering Team,SolarGIS,PRJ_025_InternalOperationalModel_v02,"5.172.076,20","4.854.421,94","4.683.089,91",true,true,2021-07-05,2021-07-21 16:15:00,2021-08-20 20:15:00
GVC_0126,PRJ_026,PVSyst,As-built,PVSYST_AB_v03,EPC,SolarGIS,PRJ_026_AsBuilt_v03,"5.045.533,62","4.653.935,56","4.518.710,60",true,true,2023-11-05,2023-11-22 16:15:00,2024-03-09 19:15:00
GVC_0127,PRJ_026,PVSyst,Legacy,PVSYST_LG_v01,External Consultant,NASA,PRJ_026_Legacy_v01,"4.932.043,74","4.655.577,47","4.475.449,16",false,false,2022-09-13,2022-09-16 13:00:00,2023-02-20 17:00:00
GVC_0128,PRJ_026,SolarGIS,Operational,SGIS_OP_v03,Engineering Team,SolarGIS,PRJ_026_SolarGIS_Operational_v03,"5.027.194,60","4.739.780,86","4.657.586,27",true,true,2024-12-19,2024-12-24 13:00:00,2025-06-06 15:00:00
GVC_0129,PRJ_026,Modeled,Financial,FM_v03,Construction Team,Not Applicable,PRJ_026_FinancialModel_v03,"4.736.535,43","4.478.118,11","4.308.477,93",false,false,2022-12-10,2022-12-23 13:15:00,2023-05-21 14:15:00
GVC_0130,PRJ_026,Modeled,Operational,MODEL_OP_v02,Business Analytics,Not Applicable,PRJ_026_InternalOperationalModel_v02,"4.971.722,38","4.601.047,19","4.526.414,67",true,true,2024-03-21,2024-04-15 15:15:00,2024-06-26 17:15:00
GVC_0131,PRJ_027,PVSyst,As-built,PVSYST_AB_v02,Engineering Team,Meteonorm,PRJ_027_AsBuilt_v02,"5.522.276,64","5.238.120,92","5.137.957,55",true,true,2023-05-30,2023-06-01 13:15:00,2023-11-15 17:15:00
GVC_0132,PRJ_027,PVSyst,Legacy,PVSYST_LG_v01,EPC,NASA,PRJ_027_Legacy_v01,"5.418.924,86","5.140.147,68","5.038.506,88",false,false,2022-06-11,2022-07-05 15:00:00,2022-11-02 18:00:00
GVC_0133,PRJ_027,SolarGIS,Operational,SGIS_OP_v03,Engineering Team,SolarGIS,PRJ_027_SolarGIS_Operational_v03,"5.495.545,29","5.207.686,20","5.101.423,41",true,true,2023-07-29,2023-08-16 11:30:00,2023-12-29 13:30:00
GVC_0134,PRJ_027,Modeled,Financial,FM_v03,Construction Team,Not Applicable,PRJ_027_FinancialModel_v03,"5.296.273,25","5.025.666,53","4.887.825,90",false,false,2022-07-18,2022-07-24 11:15:00,2022-10-11 12:15:00
GVC_0135,PRJ_027,Modeled,Operational,MODEL_OP_v03,Business Analytics,Not Applicable,PRJ_027_InternalOperationalModel_v03,"5.542.317,32","5.071.938,01","4.976.318,32",true,true,2024-06-09,2024-06-13 12:00:00,2024-08-08 15:00:00
GVC_0136,PRJ_028,PVSyst,As-built,PVSYST_AB_v02,EPC,Meteonorm,PRJ_028_AsBuilt_v02,"5.341.212,51","5.078.612,67","4.987.785,46",true,true,2026-06-22,2026-07-06 08:45:00,2026-11-26 11:45:00
GVC_0137,PRJ_028,PVSyst,Legacy,PVSYST_LG_v01,External Consultant,Other,PRJ_028_Legacy_v01,"5.046.177,78","4.599.133,75","4.522.193,22",false,false,2025-08-14,2025-09-09 10:15:00,2025-10-03 13:15:00
GVC_0138,PRJ_028,SolarGIS,Operational,SGIS_OP_v02,Engineering Team,SolarGIS,PRJ_028_SolarGIS_Operational_v02,"5.222.072,49","4.950.222,14","4.810.268,24",true,true,2027-07-11,2027-07-12 09:00:00,2027-09-30 11:00:00
GVC_0139,PRJ_028,Modeled,Financial,FM_v02,Business Analytics,Not Applicable,PRJ_028_FinancialModel_v02,"5.000.752,48","4.610.103,75","4.439.742,94",false,false,2026-01-31,2026-02-14 17:45:00,2026-03-17 18:45:00
GVC_0140,PRJ_028,Modeled,Operational,MODEL_OP_v04,Engineering Team,SolarGIS,PRJ_028_InternalOperationalModel_v04,"5.257.719,36","4.861.095,93","4.666.842,20",true,true,2027-02-26,2027-03-06 17:45:00,2027-05-07 18:45:00
GVC_0141,PRJ_029,PVSyst,As-built,PVSYST_AB_v03,EPC,Meteonorm,PRJ_029_AsBuilt_v03,"6.823.488,14","6.477.677,97","6.300.776,24",true,true,2022-11-21,2022-12-04 15:00:00,2023-05-30 19:00:00
GVC_0142,PRJ_029,PVSyst,Legacy,PVSYST_LG_v01,External Consultant,Other,PRJ_029_Legacy_v01,"6.513.850,91","5.949.607,97","5.747.488,77",false,false,2022-05-12,2022-06-06 17:30:00,2022-07-25 18:30:00
GVC_0143,PRJ_029,SolarGIS,Operational,SGIS_OP_v04,Engineering Team,SolarGIS,PRJ_029_SolarGIS_Operational_v04,"6.645.840,40","6.261.310,62","6.140.840,44",true,true,2024-01-15,2024-01-30 15:15:00,2024-03-19 16:15:00
GVC_0144,PRJ_029,Modeled,Financial,FM_v02,Business Analytics,Not Applicable,PRJ_029_FinancialModel_v02,"6.365.913,92","5.806.925,02","5.603.605,67",false,false,2022-08-23,2022-09-03 12:45:00,2023-02-04 16:45:00
GVC_0145,PRJ_029,Modeled,Operational,MODEL_OP_v03,Engineering Team,Not Applicable,PRJ_029_InternalOperationalModel_v03,"6.703.042,50","6.388.716,24","6.140.802,75",true,true,2023-12-31,2024-01-11 12:00:00,2024-04-29 16:00:00
GVC_0146,PRJ_030,PVSyst,As-built,PVSYST_AB_v04,Engineering Team,SolarGIS,PRJ_030_AsBuilt_v04,"6.346.782,31","5.995.192,31","5.810.442,50",true,true,2019-11-25,2019-12-04 09:45:00,2020-01-08 13:45:00
GVC_0147,PRJ_030,PVSyst,Legacy,PVSYST_LG_v01,External Consultant,NASA,PRJ_030_Legacy_v01,"6.117.709,57","5.591.607,63","5.460.333,35",false,false,2018-09-28,2018-10-13 17:45:00,2018-12-09 21:45:00
GVC_0148,PRJ_030,SolarGIS,Operational,SGIS_OP_v03,Business Analytics,SolarGIS,PRJ_030_SolarGIS_Operational_v03,"6.192.635,04","5.904.689,03","5.720.545,29",true,true,2020-05-08,2020-05-17 08:00:00,2020-11-11 12:00:00
GVC_0149,PRJ_030,Modeled,Financial,FM_v02,Construction Team,Not Applicable,PRJ_030_FinancialModel_v02,"5.958.018,77","5.602.793,62","5.488.120,12",false,false,2019-04-24,2019-04-29 09:15:00,2019-10-26 12:15:00
GVC_0150,PRJ_030,Modeled,Operational,MODEL_OP_v03,Engineering Team,Not Applicable,PRJ_030_InternalOperationalModel_v03,"6.362.907,40","6.006.286,18","5.908.507,37",true,true,2020-04-06,2020-04-21 09:15:00,2020-09-18 12:15:00
GVC_0151,PRJ_031,PVSyst,As-built,PVSYST_AB_v04,EPC,Meteonorm,PRJ_031_AsBuilt_v04,"7.358.935,08","6.967.320,10","6.775.552,27",true,true,2025-01-23,2025-02-22 16:00:00,2025-05-15 19:00:00
GVC_0152,PRJ_031,PVSyst,Legacy,PVSYST_LG_v01,EPC,Other,PRJ_031_Legacy_v01,"7.253.896,08","6.704.622,68","6.590.053,91",false,false,2023-09-26,2023-10-03 09:15:00,2023-11-05 13:15:00
GVC_0153,PRJ_031,SolarGIS,Operational,SGIS_OP_v03,Engineering Team,SolarGIS,PRJ_031_SolarGIS_Operational_v03,"7.284.354,36","6.660.737,41","6.507.861,71",true,true,2026-03-07,2026-03-18 13:00:00,2026-08-20 18:00:00
GVC_0154,PRJ_031,Modeled,Financial,FM_v01,Construction Team,Not Applicable,PRJ_031_FinancialModel_v01,"7.043.028,80","6.735.714,85","6.573.670,39",false,false,2024-05-02,2024-05-19 11:00:00,2024-07-24 13:00:00
GVC_0155,PRJ_031,Modeled,Operational,MODEL_OP_v03,Engineering Team,Not Applicable,PRJ_031_InternalOperationalModel_v03,"7.340.062,56","6.889.484,53","6.694.409,78",true,true,2026-05-17,2026-06-04 10:00:00,2026-07-05 13:00:00
GVC_0156,PRJ_032,PVSyst,As-built,PVSYST_AB_v02,Engineering Team,Meteonorm,PRJ_032_AsBuilt_v02,"8.234.431,15","7.523.697,10","7.405.646,48",true,true,2023-06-29,2023-07-02 15:45:00,2023-11-26 18:45:00
GVC_0157,PRJ_032,PVSyst,Legacy,PVSYST_LG_v01,External Consultant,Other,PRJ_032_Legacy_v01,"7.813.283,94","7.465.871,07","7.177.578,86",false,false,2022-07-02,2022-07-19 10:30:00,2022-09-14 12:30:00
GVC_0158,PRJ_032,SolarGIS,Operational,SGIS_OP_v03,Business Analytics,SolarGIS,PRJ_032_SolarGIS_Operational_v03,"7.926.393,54","7.588.524,34","7.383.425,07",true,true,2023-08-24,2023-09-21 09:30:00,2023-11-25 14:30:00
GVC_0159,PRJ_032,Modeled,Financial,FM_v02,Business Analytics,Not Applicable,PRJ_032_FinancialModel_v02,"7.692.319,88","7.035.945,15","6.867.256,15",false,false,2022-06-04,2022-06-23 10:15:00,2022-12-14 15:15:00
GVC_0160,PRJ_032,Modeled,Operational,MODEL_OP_v03,Engineering Team,Not Applicable,PRJ_032_InternalOperationalModel_v03,"7.972.336,49","7.632.932,94","7.474.744,68",true,true,2023-08-14,2023-09-04 11:45:00,2024-02-24 12:45:00
GVC_0161,PRJ_033,PVSyst,As-built,PVSYST_AB_v03,EPC,Meteonorm,PRJ_033_AsBuilt_v03,"1.016.923,59","960.229,63","928.960,57",true,true,2026-07-04,2026-07-27 08:15:00,2026-12-01 12:15:00
GVC_0162,PRJ_033,PVSyst,Legacy,PVSYST_LG_v01,EPC,NASA,PRJ_033_Legacy_v01,"962.766,00","883.033,02","866.729,70",false,false,2025-08-22,2025-09-15 13:45:00,2025-11-02 16:45:00
GVC_0163,PRJ_033,SolarGIS,Operational,SGIS_OP_v03,Business Analytics,SolarGIS,PRJ_033_SolarGIS_Operational_v03,"979.906,73","897.718,13","871.899,66",true,true,2026-11-10,2026-11-14 08:30:00,2027-03-07 13:30:00
GVC_0164,PRJ_033,Modeled,Financial,FM_v02,Construction Team,Not Applicable,PRJ_033_FinancialModel_v02,"956.157,95","914.744,43","894.645,86",false,false,2026-02-13,2026-03-10 10:45:00,2026-08-03 14:45:00
GVC_0165,PRJ_033,Modeled,Operational,MODEL_OP_v03,Engineering Team,Not Applicable,PRJ_033_InternalOperationalModel_v03,"983.364,44","941.337,05","915.578,41",true,true,2028-01-06,2028-01-14 11:30:00,2028-02-10 12:30:00
GVC_0166,PRJ_034,PVSyst,As-built,PVSYST_AB_v03,Engineering Team,Meteonorm,PRJ_034_AsBuilt_v03,"1.305.543,56","1.195.061,75","1.151.260,79",true,true,2021-11-22,2021-12-16 13:45:00,2022-04-03 14:45:00
GVC_0167,PRJ_034,PVSyst,Legacy,PVSYST_LG_v01,EPC,Meteonorm,PRJ_034_Legacy_v01,"1.266.844,64","1.171.109,30","1.135.576,35",false,false,2020-09-16,2020-10-11 16:30:00,2021-04-03 21:30:00
GVC_0168,PRJ_034,SolarGIS,Operational,SGIS_OP_v04,Engineering Team,SolarGIS,PRJ_034_SolarGIS_Operational_v04,"1.317.101,19","1.224.502,63","1.199.856,37",true,true,2022-05-22,2022-06-09 13:15:00,2022-08-13 18:15:00
GVC_0169,PRJ_034,Modeled,Financial,FM_v01,Construction Team,Not Applicable,PRJ_034_FinancialModel_v01,"1.228.598,26","1.126.442,55","1.090.763,62",false,false,2021-03-04,2021-03-21 15:15:00,2021-09-07 20:15:00
GVC_0170,PRJ_034,Modeled,Operational,MODEL_OP_v03,Business Analytics,Not Applicable,PRJ_034_InternalOperationalModel_v03,"1.298.561,62","1.246.009,85","1.219.199,44",true,true,2022-05-02,2022-05-21 13:45:00,2022-10-27 16:45:00
GVC_0171,PRJ_035,PVSyst,As-built,PVSYST_AB_v04,Engineering Team,Meteonorm,PRJ_035_AsBuilt_v04,"2.086.585,55","1.942.250,20","1.879.499,87",true,true,2021-01-24,2021-01-25 17:45:00,2021-04-17 22:45:00
GVC_0172,PRJ_035,PVSyst,Legacy,PVSYST_LG_v01,EPC,Meteonorm,PRJ_035_Legacy_v01,"2.031.939,14","1.866.388,12","1.821.082,73",false,false,2019-09-22,2019-09-27 11:00:00,2020-03-06 12:00:00
GVC_0173,PRJ_035,SolarGIS,Operational,SGIS_OP_v04,Business Analytics,SolarGIS,PRJ_035_SolarGIS_Operational_v04,"2.065.426,81","1.922.786,40","1.865.725,79",true,true,2021-02-11,2021-02-25 16:45:00,2021-03-27 18:45:00
GVC_0174,PRJ_035,Modeled,Financial,FM_v03,Construction Team,Not Applicable,PRJ_035_FinancialModel_v03,"2.014.291,93","1.881.184,60","1.823.659,14",false,false,2020-04-19,2020-05-04 16:30:00,2020-10-05 19:30:00
GVC_0175,PRJ_035,Modeled,Operational,MODEL_OP_v03,Engineering Team,Not Applicable,PRJ_035_InternalOperationalModel_v03,"2.070.902,94","1.910.047,54","1.860.294,94",true,true,2021-02-22,2021-03-04 12:15:00,2021-07-22 15:15:00
GVC_0176,PRJ_036,PVSyst,As-built,PVSYST_AB_v03,Engineering Team,SolarGIS,PRJ_036_AsBuilt_v03,"2.713.010,13","2.542.523,34","2.497.759,70",true,true,2021-04-27,2021-05-24 13:15:00,2021-08-21 14:15:00
GVC_0177,PRJ_036,PVSyst,Legacy,PVSYST_LG_v01,EPC,Meteonorm,PRJ_036_Legacy_v01,"2.631.818,26","2.481.274,58","2.428.382,40",false,false,2020-05-17,2020-05-24 16:30:00,2020-10-29 19:30:00
GVC_0178,PRJ_036,SolarGIS,Operational,SGIS_OP_v02,Business Analytics,SolarGIS,PRJ_036_SolarGIS_Operational_v02,"2.662.108,52","2.500.629,08","2.415.761,36",true,true,2022-03-09,2022-04-07 16:15:00,2022-10-02 18:15:00
GVC_0179,PRJ_036,Modeled,Financial,FM_v02,Business Analytics,Not Applicable,PRJ_036_FinancialModel_v02,"2.531.665,26","2.363.613,81","2.309.321,13",false,false,2020-09-28,2020-09-29 16:15:00,2021-01-26 20:15:00
GVC_0180,PRJ_036,Modeled,Operational,MODEL_OP_v02,Engineering Team,SolarGIS,PRJ_036_InternalOperationalModel_v02,"2.665.594,59","2.511.776,17","2.468.318,49",true,true,2021-05-16,2021-06-06 17:15:00,2021-11-04 18:15:00
GVC_0181,PRJ_037,PVSyst,As-built,PVSYST_AB_v04,Engineering Team,SolarGIS,PRJ_037_AsBuilt_v04,"3.632.433,34","3.457.386,95","3.387.198,60",true,true,2023-03-04,2023-04-03 12:00:00,2023-04-20 15:00:00
GVC_0182,PRJ_037,PVSyst,Legacy,PVSYST_LG_v01,EPC,NASA,PRJ_037_Legacy_v01,"3.513.469,80","3.371.016,07","3.281.962,29",false,false,2021-12-25,2022-01-23 10:45:00,2022-04-17 12:45:00
GVC_0183,PRJ_037,SolarGIS,Operational,SGIS_OP_v02,Engineering Team,SolarGIS,PRJ_037_SolarGIS_Operational_v02,"3.573.447,19","3.333.832,27","3.221.920,93",true,true,2023-07-05,2023-07-06 13:30:00,2023-12-13 15:30:00
GVC_0184,PRJ_037,Modeled,Financial,FM_v02,Construction Team,Not Applicable,PRJ_037_FinancialModel_v02,"3.464.239,50","3.167.481,96","3.093.779,08",false,false,2022-09-16,2022-09-21 15:30:00,2022-12-08 16:30:00
GVC_0185,PRJ_037,Modeled,Operational,MODEL_OP_v04,Business Analytics,SolarGIS,PRJ_037_InternalOperationalModel_v04,"3.641.008,37","3.361.924,05","3.255.151,47",true,true,2024-01-24,2024-02-17 17:00:00,2024-05-08 20:00:00
GVC_0186,PRJ_038,PVSyst,As-built,PVSYST_AB_v02,Engineering Team,Meteonorm,PRJ_038_AsBuilt_v02,"3.958.954,68","3.634.264,34","3.551.228,09",true,true,2026-10-03,2026-10-26 09:30:00,2027-02-12 14:30:00
GVC_0187,PRJ_038,PVSyst,Legacy,PVSYST_LG_v01,EPC,Other,PRJ_038_Legacy_v01,"3.802.055,95","3.546.363,63","3.492.178,56",false,false,2025-08-24,2025-09-07 16:45:00,2026-02-06 18:45:00
GVC_0188,PRJ_038,SolarGIS,Operational,SGIS_OP_v02,Business Analytics,SolarGIS,PRJ_038_SolarGIS_Operational_v02,"3.913.488,35","3.732.124,59","3.590.478,36",true,true,2027-05-15,2027-06-01 13:00:00,2027-11-07 14:00:00
GVC_0189,PRJ_038,Modeled,Financial,FM_v02,Business Analytics,Not Applicable,PRJ_038_FinancialModel_v02,"3.687.793,97","3.513.450,93","3.411.722,52",false,false,2025-11-09,2025-11-16 17:45:00,2025-12-24 22:45:00
GVC_0190,PRJ_038,Modeled,Operational,MODEL_OP_v02,Business Analytics,SolarGIS,PRJ_038_InternalOperationalModel_v02,"3.880.116,94","3.611.501,22","3.517.955,31",true,true,2027-07-12,2027-07-27 12:00:00,2027-11-20 15:00:00
GVC_0191,PRJ_039,PVSyst,As-built,PVSYST_AB_v02,Engineering Team,SolarGIS,PRJ_039_AsBuilt_v02,"4.084.755,58","3.730.149,76","3.673.649,53",true,true,2020-08-02,2020-09-01 15:00:00,2020-11-28 19:00:00
GVC_0192,PRJ_039,PVSyst,Legacy,PVSYST_LG_v01,EPC,Other,PRJ_039_Legacy_v01,"3.924.903,09","3.746.581,72","3.638.730,47",false,false,2019-08-23,2019-09-05 09:15:00,2019-12-18 10:15:00
GVC_0193,PRJ_039,SolarGIS,Operational,SGIS_OP_v03,Engineering Team,SolarGIS,PRJ_039_SolarGIS_Operational_v03,"4.008.915,81","3.673.639,57","3.616.581,01",true,true,2021-11-30,2021-12-01 08:30:00,2022-04-13 13:30:00
GVC_0194,PRJ_039,Modeled,Financial,FM_v01,Business Analytics,Not Applicable,PRJ_039_FinancialModel_v01,"3.828.442,50","3.550.145,31","3.432.604,41",false,false,2020-04-04,2020-04-06 14:00:00,2020-06-21 16:00:00
GVC_0195,PRJ_039,Modeled,Operational,MODEL_OP_v04,Business Analytics,SolarGIS,PRJ_039_InternalOperationalModel_v04,"4.056.329,67","3.827.557,47","3.757.916,25",true,true,2021-02-01,2021-02-25 08:45:00,2021-07-02 10:45:00
GVC_0196,PRJ_040,PVSyst,As-built,PVSYST_AB_v02,Engineering Team,SolarGIS,PRJ_040_AsBuilt_v02,"5.823.711,88","5.367.762,27","5.276.026,81",true,true,2020-02-10,2020-02-21 17:30:00,2020-05-06 20:30:00
GVC_0197,PRJ_040,PVSyst,Legacy,PVSYST_LG_v01,External Consultant,Other,PRJ_040_Legacy_v01,"5.476.229,98","5.000.060,18","4.918.624,23",false,false,2019-02-04,2019-02-25 14:45:00,2019-03-24 17:45:00
GVC_0198,PRJ_040,SolarGIS,Operational,SGIS_OP_v03,Business Analytics,SolarGIS,PRJ_040_SolarGIS_Operational_v03,"5.593.394,45","5.206.422,34","5.017.587,70",true,true,2020-06-09,2020-06-15 16:45:00,2020-08-30 18:45:00
GVC_0199,PRJ_040,Modeled,Financial,FM_v01,Construction Team,Not Applicable,PRJ_040_FinancialModel_v01,"5.461.546,08","5.123.581,77","5.042.601,79",false,false,2019-02-11,2019-02-28 10:45:00,2019-05-16 13:45:00
GVC_0200,PRJ_040,Modeled,Operational,MODEL_OP_v04,Business Analytics,SolarGIS,PRJ_040_InternalOperationalModel_v04,"5.753.329,59","5.479.221,81","5.272.718,70",true,true,2020-12-04,2020-12-31 11:00:00,2021-03-24 15:00:00